Entity Information,Initial Filling Date,Status,Entity Type,Formed In,Agent
"$AVE MORE ON OFFICE SUPPLIES, INC. (789585)",12/20/1976,Suspended - FTB,Stock Corporation - CA - General,CALIFORNIA,LEON  GROODE
"(FIDELITY LAW OFFICES, A NEVADA PROFESSIONAL CORPORATION) (4749701)",06/02/2021,Forfeited - FTB,Stock Corporation - Out of State - Stock,NEVADA,"LEGALZOOM.COM, INC."
1 SOURCE OFFICE INTERIORS (2183579),11/30/1999,Suspended - FTB/SOS,Stock Corporation - CA - General,CALIFORNIA,MARK  DENHAM
10-42 Office LLC (202358217512),07/19/2023,Active,Limited Liability Company - CA,CALIFORNIA,Matthew Harbin
"123 OFFICE SOLUTION, INC. (3485709)",07/02/2012,Active,Stock Corporation - CA - General,CALIFORNIA,CHIH WEI SUNG
1265 SOUTH BASCOM OFFICE CONDOMINIUM ASSOCIATION (1259246),10/19/1984,Terminated,Nonprofit Corporation - CA - Mutual Benefit,CALIFORNIA,GABI  ACHKAR
140 Post Office Drive LLC (202464214764),10/15/2024,Active,Limited Liability Company - CA,CALIFORNIA,REGISTERED AGENTS INC
1508 BROOKHOLLOW OFFICES ASSOCIATION (3012561),08/14/2007,Suspended - FTB/SOS,Nonprofit Corporation - CA - Mutual Benefit - Common Interest Development Corporation,CALIFORNIA,BARNET  RESNICK
"155 GRANADA STREET OFFICE OWNERS ASSOCIATION, INC. (4648610)",09/24/2020,Suspended - FTB,Nonprofit Corporation - CA - Mutual Benefit - Common Interest Development Corporation,CALIFORNIA,SHAWN LOVE
"1551 OFFICES OWNERS' ASSOCIATION, INC. (1147710)",07/27/1983,Terminated - FTB Admin,Nonprofit Corporation - CA - Mutual Benefit,CALIFORNIA,GARY F NAIMAN
"160 WEST SANTA CLARA OFFICE, INC. (2649963)",04/29/2004,Terminated,Stock Corporation - Out of State - Stock,DELAWARE,C T CORPORATION SYSTEM
1600 G STREET PROFESSIONAL OFFICE OWNERS' ASSOCIATION (2972800),02/14/2007,Active,Stock Corporation - CA - General,CALIFORNIA,ERIC JOHNSON
17TH ST. OFFICE PARK COMMUNITY ASSOCIATION (2351823),07/16/2001,Active,Nonprofit Corporation - CA - Mutual Benefit,CALIFORNIA,FIRSTSERVICE AGENT CORPORATION
1800 SHAW OFFICES OWNERS' ASSOCIATION (1228228),09/28/1983,Suspended - FTB/SOS,Nonprofit Corporation - CA - Mutual Benefit - Common Interest Development Corporation,CALIFORNIA,SHARI  HIGASHI
1ST OFFICE SUPPLY INC. (2483430),11/04/2002,Suspended - FTB/SOS,Stock Corporation - CA - General,CALIFORNIA,KENNETH R BRODERICK
1ST UNITED PRINTERS & OFFICE SUPPLIES CO. (958199),05/05/1980,Suspended - FTB,Stock Corporation - CA - General,CALIFORNIA,NANCY A LEVELS
"1Stop Office Furniture, Inc (5762689)",06/08/2023,Active,Stock Corporation - CA - General,CALIFORNIA,Lena Chan
"2010 OFFICE FURNITURE, INC. (3207465)",04/27/2009,Active,Stock Corporation - CA - General,CALIFORNIA,KENNETH CHANG
"20TH CENTURY OFFICE FURNISHERS, INC. (730711)",02/07/1975,Suspended - FTB,Stock Corporation - CA - General,CALIFORNIA,
2340 GARDEN ROAD OFFICE CONDOMINIUM ASSOCIATION (3488526),06/29/2012,Active,Nonprofit Corporation - CA - Mutual Benefit - Common Interest Development Corporation,CALIFORNIA,FRANK M DOST
2540 W. SHAW LANE OFFICES OWNERS' ASSOCIATION (1611493),04/05/1988,Terminated,Nonprofit Corporation - CA - Mutual Benefit,CALIFORNIA,TIMOTHY W. CRIESI
2813 COFFEE ROAD OFFICE CONDOMINIUM ASSOCIATION (1261954),11/20/1984,Active,Nonprofit Corporation - CA - Mutual Benefit,CALIFORNIA,Alissa Wylie
2835 Office Court LLC (B20250340933),10/14/2025,Active,Limited Liability Company - CA,CALIFORNIA,Victoria Michael
"2G OFFICE, INC. (2958432)",11/17/2006,Suspended - FTB,Stock Corporation - CA - General,CALIFORNIA,JANE  HU
2IERNAN'S OFFICE EQUIPMENT (390342),01/29/1960,Suspended - FTB,Stock Corporation - CA - General,CALIFORNIA,
2nd Office LLC (202356417563),04/12/2023,Active,Limited Liability Company - CA,CALIFORNIA,Clinton Andrew Smith
303 VINTAGE PARK OFFICE OWNERS ASSOCIATION (2655377),06/01/2004,Active,Nonprofit Corporation - CA - Mutual Benefit - Common Interest Development Corporation,CALIFORNIA,TOM CONNELL
360 GZ Office (6591234),02/18/2025,Active,Stock Corporation - CA - General,CALIFORNIA,German Zelentsov
"4 Z OFFICE SYSTEMS, INC. (2297972)",08/22/2003,Terminated,Stock Corporation - CA - General,CALIFORNIA,MICHAEL D ZITTERMAN
"400 EAST ORANGEBURG ROAD OFFICE CONDOMINIUM OWNERS ASSOCIATION, INC. (3379191)",05/03/2011,Active,Nonprofit Corporation - CA - Mutual Benefit,CALIFORNIA,Philip Openshaw
"46 York Street Law Office, Inc. (5513530)",02/15/2023,Active,Stock Corporation - CA - Professional,CALIFORNIA,Matthew Warren
465 FIRST STREET WEST OFFICE OWNERS ASSOCIATION (1907386),04/04/1997,Active,Nonprofit Corporation - CA - Mutual Benefit,CALIFORNIA,C T CORPORATION SYSTEM
5 STAR OFFICE PRODUCTS COMPANY (1633334),02/08/1989,Active,Stock Corporation - CA - General,CALIFORNIA,MELVIN  SPALLINO
5108 Office Park Drive LLC (202355716047),03/15/2023,Active,Limited Liability Company - CA,CALIFORNIA,Jeffrey Leggio
"52ND DISTRICT INTERGROUP CENTRAL OFFICE, INC. (3191044)",02/20/2009,Active,Nonprofit Corporation - CA - Public Benefit,CALIFORNIA,NANCY WARNER NEVILLE
"5330 Office Centre Court, LLC (202357016684)",05/08/2023,Active,Limited Liability Company - CA,CALIFORNIA,CRAIG N BRAUN
"5443 Fountain Sunset Office, LLC (202355613310)",03/10/2023,Active,Limited Liability Company - Out of State,DELAWARE,Steve Colgate
732 LAKE OFFICE CONDOMINIUM OWNERS ASSOCIATION (1010763),11/26/1980,Suspended - FTB/SOS,Nonprofit Corporation - CA - Mutual Benefit,CALIFORNIA,CURTIS R. WAAS
750 WEST OLIVE MEDICAL OFFICES OWNERS' ASSOCIATION (1594437),08/06/1987,Suspended - SOS,Nonprofit Corporation - CA - Mutual Benefit,CALIFORNIA,LOUIE C DIAS
"777 CUESTA OFFICE CENTER ASSOCIATION, INC. (1525082)",02/27/1986,Active,Nonprofit Corporation - CA - Mutual Benefit - Common Interest Development Corporation,CALIFORNIA,YAHIA BENYAMMI
8530 Wilshire Blvd Office Team LLC (202253511514),11/29/2022,Active,Limited Liability Company - CA,CALIFORNIA,Arash Khorsandi Esq.
85TH STREET LOAN OFFICE (505532),03/04/1966,Terminated,Stock Corporation - CA - General,CALIFORNIA,HERBERT  HELLMAN
910 HALE PLACE OFFICE CONDOMINIUMS OWNERS ASSOCIATION (3064640),01/23/2008,Active,Nonprofit Corporation - CA - Mutual Benefit - Common Interest Development Corporation,CALIFORNIA,BENJAMIN SHLOMI
"9309 Office Park Circle, LLC (200304110024)",02/10/2003,Terminated,Limited Liability Company - CA,CALIFORNIA,MARY ROBBINS
9377 Haven Office Park Association (6427909),10/17/2024,Active,Nonprofit Corporation - CA - Mutual Benefit - Common Interest Development Corporation,CALIFORNIA,FABRICIO BADIOLA
"939 WALNUT OFFICE MANAGEMENT, INC. (1964833)",03/28/1996,Suspended - FTB/SOS,Stock Corporation - CA - General,CALIFORNIA,DENNIS K NEAL
"A & B OFFICE SUPPLIES, INC. (950572)",01/25/1980,Terminated,Stock Corporation - CA - General,CALIFORNIA,YONATAN  TZION
"A & D OFFICE INTERIORS, INC. (2109480)",05/21/1998,Suspended - FTB,Stock Corporation - CA - General,CALIFORNIA,ANDREW  GOLDSTEIN
"A & M OFFICE SOLUTIONS, INC. (2730087)",12/28/2004,Terminated,Stock Corporation - CA - General,CALIFORNIA,DIANA  ARUTYUNYAN
"A & R OFFICE FURNITURE, INC. (1205416)",07/07/1983,Suspended - FTB,Stock Corporation - CA - General,CALIFORNIA,STANLEY  APOLLO
"A & R OFFICE INSTALLATIONS, INC. (2816306)",09/07/2005,Suspended - FTB/SOS,Stock Corporation - CA - General,CALIFORNIA,RAUL J OLAVARRIA
"A ALTERNATIVE TO OFFICE SUPPORT, INC. (1748125)",07/26/1994,Terminated,Stock Corporation - CA - General,CALIFORNIA,BARBARA  BOATMAN
"A GENTLE DENTAL OFFICE-E.A.DAN, DDS, INC. (2679797)",10/25/2004,Suspended - FTB,Stock Corporation - CA - General,CALIFORNIA,EDWARD A DAN
A K OFFICE COMPANY (1664794),05/10/1990,Merged Out,Stock Corporation - Out of State - Stock,WISCONSIN,ALLEN  KOHL
A LAW OFFICE OF LAWRENCE GRUNER INC. (2492821),01/24/2003,Terminated,Stock Corporation - CA - General,CALIFORNIA,ANTHONY L GRAUPENSPERGER
"A LAW OFFICE OF WANSEUK OH, INC (3091648)",03/12/2008,Terminated,Stock Corporation - CA - General,CALIFORNIA,JANG Y KIM
"A ONE STOP OFFICE AND HOME FURNITURE SHOP, INCORPORATED (2605137)",02/05/2004,Suspended - FTB,Stock Corporation - CA - General,CALIFORNIA,GERALDINE  PERKINS
"A S K LAW OFFICES, INC. (894670)",08/11/1978,Suspended - FTB,Stock Corporation - CA - General,CALIFORNIA,
"A TO Z OFFICE PRODUCTS, INC. (1676787)",11/30/1990,Terminated,Stock Corporation - CA - General,CALIFORNIA,DAN  TETZLAFF
A TO Z OFFICE SUPPLY EXPORT-IMPORT INC. (1315662),08/14/1984,Suspended - FTB,Stock Corporation - CA - General,CALIFORNIA,MARIANNA  VADAR
"A WELL CONNECTED OFFICE, INC. (2159807)",03/19/1999,Suspended - FTB,Stock Corporation - CA - General,CALIFORNIA,GEORGE L FENDLER
A&GCC OFFICE AND MODULAR INSTALLATIONS (5762296),06/08/2023,Active,Stock Corporation - CA - General,CALIFORNIA,HECTOR A CORONA
A&J OFFICE INSTALLATIONS (4782484),08/27/2021,Active,Stock Corporation - CA - General,CALIFORNIA,ADRIAN MARTINEZ
A&J Out of Office LLC (B20250182117),06/26/2025,Active,Limited Liability Company - CA,CALIFORNIA,"UNITED STATES CORPORATION AGENTS, INC."
"A. F. OFFICE MACHINES, INC. (630105)",07/28/1971,Terminated,Stock Corporation - CA - General,CALIFORNIA,JORGE  AGUILAR
"A. MALHOTRA BAKERSFIELD DENTAL OFFICE, INC. (2489055)",03/14/2003,Active,Stock Corporation - CA - General,CALIFORNIA,ADARSH MALHOTRA DDS
"A.J. UNIVERSAL OFFICE SERVICES, INC. (2304927)",02/06/2001,Suspended - FTB,Stock Corporation - CA - General,CALIFORNIA,JULIE  CANTO
"A.P. CRAY OFFICE THINGS, INC. (1215668)",11/07/1983,Suspended - FTB/SOS,Stock Corporation - CA - General,CALIFORNIA,EUGENE H. GAYNOR
"A+ Dental Office of Dr. Michael Gavin, A Professional Corporation (B20250214997)",07/22/2025,Active,Stock Corporation - CA - Professional,CALIFORNIA,Kenny Su
"A-1 OFFICE CLEANING, INC. (2440471)",06/12/2002,Terminated,Stock Corporation - CA - General,CALIFORNIA,JOE  FALZONE
A-1 OFFICE EQUIPMENT (467894),04/01/1964,Active,Stock Corporation - CA - General,CALIFORNIA,DOUGLAS A GILLIES
"A-1 OFFICE FURNITURE LIQUIDATORS, INC. (3300585)",04/23/2010,Suspended - SOS,Stock Corporation - CA - General,CALIFORNIA,GREGORY W SHORE
A3 & J Office Furniture LLC (202355210997),02/20/2023,Active,Limited Liability Company - CA,CALIFORNIA,"LEGALCORP SOLUTIONS, INC"
AA FAMILY OFFICE LLC (202359117204),09/25/2023,Active,Limited Liability Company - CA,CALIFORNIA,"UNITED STATES CORPORATION AGENTS, INC."
AA INT'L ARCHITECT OFFICE (2828200),02/09/2006,Suspended - FTB,Stock Corporation - CA - General,CALIFORNIA,RONG  NIE
"AAA DISCOUNT OFFICE, INC. (1627474)",11/09/1988,Suspended - FTB,Stock Corporation - CA - General,CALIFORNIA,RALPH  LOEFF
"AAA OFFICE FURNISHINGS & DESIGN, INC. (2410679)",04/11/2002,Suspended - FTB/SOS,Stock Corporation - CA - General,CALIFORNIA,LEE A RAMER
"AAA OFFICE SUPPLIES, INC. (700945)",04/18/1973,Suspended - FTB,Stock Corporation - CA - General,CALIFORNIA,HENRY  MATEIKO
Aaron's Office Cleaning Service LLC (202357915898),06/27/2023,Active,Limited Liability Company - CA,CALIFORNIA,"UNITED STATES CORPORATION AGENTS, INC."
"ABARI ORTHODONTICS DENTAL OFFICE, INC. (3032116)",01/03/2008,Active,Stock Corporation - CA - General,CALIFORNIA,MOHSEN F ABARI
"ABBEY OFFICE FURNISHINGS, INC. (529183)",07/03/1967,Active,Stock Corporation - CA - General,CALIFORNIA,MITCHELL EISNER
"ABC - CARROLL'S OFFICE SYSTEMS, INC. (1959635)",02/08/1996,Terminated,Stock Corporation - CA - General,CALIFORNIA,STEVE S CHIN
"ABC OFFICE PRODUCTS, INC. (1427091)",01/14/1988,Suspended - FTB/SOS,Stock Corporation - CA - General,CALIFORNIA,RONALD W. GUAESSNER
ABC OFFICE SYSTEMS INC. (2235579),05/23/2000,Terminated,Stock Corporation - CA - General,CALIFORNIA,KENNETH H WEIGEL
"ABC OFFICE TECH, INC. (3963116)",11/14/2016,Terminated,Stock Corporation - CA - General,CALIFORNIA,CHUN HUI  CHO
"ABD OFFICE MACHINES, INC. (2049429)",01/21/2000,Active,Stock Corporation - CA - General,CALIFORNIA,CARLOS C ADEVA
"ABDALAH LAW OFFICES, A PROFESSIONAL LAW CORPORATION (2540964)",06/19/2003,Terminated,Stock Corporation - CA - Professional,CALIFORNIA,RICHARD K ABDALAH
"ABE OFFICE FURNITURE, INC. (3155274)",07/22/2008,Terminated,Stock Corporation - CA - General,CALIFORNIA,PARACORP INCORPORATED
"ABE OFFICE FURNITURE, INCORPORATED (3352686)",02/22/2011,Terminated,Stock Corporation - CA - General,CALIFORNIA,ANTONIO  MUNOZ
"ABEL LAW OFFICES, PC (4528953)",11/07/2019,Active,Stock Corporation - CA - Professional,CALIFORNIA,JOSHUA H. ABEL
Abhi Arun Family office LLC (202359712285),11/08/2023,Active,Limited Liability Company - CA,CALIFORNIA,"UNITED STATES CORPORATION AGENTS, INC."
"ABJ OFFICE, INC. (5697614)",04/27/2023,Active,Stock Corporation - CA - General,CALIFORNIA,TOORAJ GRAVORI
"ABM OFFICE SYSTEMS SERVICES, INC. (3339785)",12/13/2010,Terminated,Stock Corporation - CA - General,CALIFORNIA,JORGE E. ROBLES
"ABOVE THE GATE DENTISTRY DENTAL OFFICE OF JEFFREY L. DAVIDSON, DDS. (2495897)",02/03/2003,Active,Stock Corporation - CA - General,CALIFORNIA,SHAIN L DAVIDSON
ABRI DENTAL OFFICE INC. (3720207),10/16/2014,Active,Stock Corporation - CA - General,CALIFORNIA,DAVID ABRI
ABSOLUTE OFFICE SOLUTIONS (3587589),08/21/2013,Suspended - FTB,Stock Corporation - CA - General,CALIFORNIA,ERIK  JENKINS
"ABSOLUTE OFFICE SOLUTIONS, INC. (4053749)",08/08/2017,Active,Stock Corporation - CA - General,CALIFORNIA,ROBERT  WEISHAAR
"ABSOLUTE PERFECTION OFFICE SERVICES, INC. (1136170)",03/10/1983,Suspended - FTB,Stock Corporation - CA - General,CALIFORNIA,LISA  TOMLINSON-WEBB
"ABSOLUTELY CLEAN OFFICE SERVICES, INC. (2759443)",07/28/2005,Active,Stock Corporation - CA - General,CALIFORNIA,SQUIRE BURKE
Academy of Medical Office Training LLC (202357816349),06/22/2023,Terminated,Limited Liability Company - CA,CALIFORNIA,Suchita Saigal
"ACCESS OFFICE GROUP, INC. (2166141)",06/09/1999,Suspended - FTB,Stock Corporation - CA - General,CALIFORNIA,RANDOLF W KATZ
"ACCESS OFFICE, INC. (2094645)",10/07/1998,Terminated,Stock Corporation - CA - General,CALIFORNIA,MARK  SHIRMAN
"ACCIDENT RECOVERY LAW OFFICE, APC (4284264)",06/03/2019,Active,Stock Corporation - CA - Professional,CALIFORNIA,ELDAD YOUNESSI
ACCOUNTING OFFICE OF JAMES HASTINGS PC (3667241),04/17/2014,Suspended - FTB,Stock Corporation - CA - Professional,CALIFORNIA,JAMES RYAN HASTINGS
"ACCOUNTING OFFICES OF GREGORY A. KASENO, APC (3837299)",10/23/2015,Active,Stock Corporation - CA - Professional,CALIFORNIA,GREGORY ALAN KASENO
"ACCOUNTING OFFICES OF JAMES THURMAN HILL, CPA, INC. (2480037)",07/31/2002,Suspended - SOS,Stock Corporation - CA - General,CALIFORNIA,JAMES THURMAN HILL
"ACCOUNTING OFFICES OF KAYLEEN CLEMENS, CPA (AN ACCOUNTANCY CORPORATION) (2439391)",03/08/2004,Terminated,Stock Corporation - CA - General,CALIFORNIA,KAYLEEN J CLEMENS
"ACCURATE MEDICAL BILLING AND OFFICE SUPPORT, INC. (2625723)",05/13/2004,Suspended - FTB,Stock Corporation - CA - General,CALIFORNIA,MUZAFFAR  HUSSAIN
Accurate Office Solutions LLC (202464014255),09/27/2024,Active,Limited Liability Company - CA,CALIFORNIA,JULIE D PAPIKE
"ACE DENTAL OFFICE SUPPLY, INC. (3725865)",11/07/2014,Terminated,Stock Corporation - CA - General,CALIFORNIA,HEAYON CHO
ACE OFFICE SUPPLY & EQUIPMENT CO (377702),06/18/1959,Suspended - FTB,Stock Corporation - CA - General,CALIFORNIA,EMZA E MILLER
ACE OFFICE TRAILERS INC. (864831),05/01/1978,Suspended - FTB,Stock Corporation - CA - General,CALIFORNIA,
"ACEVEDO DENTAL OFFICE, INC. (3732121)",12/08/2014,Active,Stock Corporation - CA - General,CALIFORNIA,IVAN MORALES
Acosta Law Office Inc. (6491488),12/16/2024,Active,Stock Corporation - CA - Professional,CALIFORNIA,William Acosta
"ACTION MOBILE OFFICE RENTALS, INCORPORATED (798011)",06/30/1977,Merged Out,Stock Corporation - CA - General,CALIFORNIA,STANLEY N LEWIS
"ACTION OFFICE SUPPLY, INC. (1600499)",11/19/1987,Suspended - FTB,Stock Corporation - CA - General,CALIFORNIA,JEFFREY  COOL
"ACTIVE OFFICE ENTERPRISES, INCORPORATED (765712)",03/17/1976,Terminated,Stock Corporation - CA - General,CALIFORNIA,CHARLES E LINDSTROM
"ACTIVE OFFICE FURNITURE, INC. (2280287)",01/03/2001,Terminated,Stock Corporation - CA - General,CALIFORNIA,MANUEL J SILVA
"ADAMS' OFFICE SUPPLY, INC. (597881)",05/07/1970,Terminated,Stock Corporation - CA - General,CALIFORNIA,RAYMOND I ADAMS
Administrative Office 175 LLC (202357111286),05/17/2023,Active,Limited Liability Company - CA,CALIFORNIA,"NORTHWEST REGISTERED AGENT, INC."
Administrative Office Of African Diaspora and Black American Legislative Advocacy Group (5474701),01/30/2023,Active,Stock Corporation - CA - Benefit,CALIFORNIA,shanon scott
"ADMINISTRATIVE OFFICE SERVICES, INC. (4074494)",10/13/2017,Active,Stock Corporation - CA - General,CALIFORNIA,TERESA COSGROVE-STIEGLER
"ADULTS ANONYMOUS MOLESTED AS CHILDREN WORLD SERVICES OFFICE, INC. (1668892)",07/13/1990,Terminated - FTB Admin,Nonprofit Corporation - CA - Public Benefit,CALIFORNIA,DAN  LEWIS
Advance Office Solutions LLC (202252317144),09/07/2022,Active,Limited Liability Company - CA,CALIFORNIA,Iran Israel Chaparro
"ADVANCE OFFICE TECHNOLOGIES, INC. (1365726)",02/18/1986,Terminated,Stock Corporation - CA - General,CALIFORNIA,J MICHAEL JACOB
"ADVANCED MEDICAL OFFICE SYSTEMS, INC. (1815223)",02/11/1992,Terminated,Stock Corporation - CA - General,CALIFORNIA,HILDA  WEST
"ADVANCED OFFICE COMPUTERS, INC. (864467)",04/24/1978,Terminated,Stock Corporation - CA - General,CALIFORNIA,NICHOLAS C MELLAS
"ADVANCED OFFICE SOLUTIONS, INC. (2214433)",03/24/2000,Terminated,Stock Corporation - CA - General,CALIFORNIA,JOEL E MARTIN
"ADVANCED OFFICE SYSTEMS, INC. (692388)",11/01/1973,Active,Stock Corporation - CA - General,CALIFORNIA,GARY L HATFIELD
"ADVANCED RIBBONS & OFFICE PRODUCTS, INC. (1465873)",07/27/1989,Suspended - FTB,Stock Corporation - CA - General,CALIFORNIA,ANTONY  TEUBER
"ADVANCED SURGICAL ASSOCIATES MEDICAL OFFICE, INC. (1692509)",07/22/1991,Active,Stock Corporation - CA - General,CALIFORNIA,WILLIE  GOFFNEY
"ADVANTAGE OFFICE COMPUTING, INC. (1704778)",03/25/1992,Suspended - FTB/SOS,Stock Corporation - CA - General,CALIFORNIA,WILLY  HAUPTMANN
"ADVANTAGE OFFICE SOLUTIONS, INC. (3105939)",09/29/2008,Active,Stock Corporation - CA - General,CALIFORNIA,CHRISTINA FORNOS
"ADVANTAGE OFFICE SYSTEMS, INC. (2181419)",11/04/1999,Forfeited - FTB,Stock Corporation - Out of State - Stock,DELAWARE,CORPORATION SERVICE COMPANY WHICH WILL DO BUSINESS IN CALIFORNIA      AS CSC - LAWYERS INCORPORATING SERVICE
"Advent Office Furniture, Inc (5914415)",09/21/2023,Active,Stock Corporation - CA - Close,CALIFORNIA,Bryan W. Dillon
Advocacy Office of Theresa Sester (5971998),11/08/2023,Active,Stock Corporation - CA - General,CALIFORNIA,Theresa Sester
AERO OFFICE BUILDING INC. (1018280),02/23/1981,Terminated,Stock Corporation - CA - General,CALIFORNIA,JOSE  BLATT
AESTHETIC OFFICE INTERIORS (3151676),06/20/2008,Suspended - FTB,Stock Corporation - CA - General,CALIFORNIA,ANNE MARIE DALTON
AFFILIATED MEDICAL OFFICE SERVICES INC. (2864854),04/17/2006,Terminated,Stock Corporation - CA - General,CALIFORNIA,FATEMEH  SIMIARY
AFFORDABLE OFFICE FURNITURE AND SUPPLIES (3873262),02/08/2016,Active,Stock Corporation - CA - General,CALIFORNIA,MIKE  MCCOLLUM
"AFFORDABLE OFFICE FURNITURE, INC. (3717462)",10/07/2014,Suspended - FTB,Stock Corporation - CA - General,CALIFORNIA,NICOLASA BELMONT
Affordable Office Interiors L.L.C. (202357619986),06/13/2023,Active,Limited Liability Company - Out of State,MISSOURI,"INCORP SERVICES, INC."
"AFFORDABLE OFFICE SOLUTIONS, INC. (2699179)",02/14/2005,Suspended - FTB,Stock Corporation - CA - General,CALIFORNIA,SAM  NEJADSON
AFRICAN CHRISTIAN FELLOWSHIP (ACFUSA) WEST REGION OFFICE (4073375),10/10/2017,Suspended - FTB,Nonprofit Corporation - CA - Religious,CALIFORNIA,Michael Jolayemi
AFRICAN DIASPORA COORDINATING OFFICE (ADCO) (3850131),12/14/2015,Suspended - FTB/SOS,Nonprofit Corporation - CA - Public Benefit,CALIFORNIA,MAMADU JUMA BAH
"AFZALI DENTAL OFFICE OF RIVERSIDE, INC. (4754461)",06/03/2021,Active,Stock Corporation - CA - General,CALIFORNIA,Fred Mohammadi
AG Office Services Cleaning Crew llc (B20250130372),05/21/2025,Active,Limited Liability Company - CA,CALIFORNIA,Alma Rosa Garcia Barrios
"AGAPE OFFICE AUTOMATION, INC. (1721501)",03/10/1993,Suspended - FTB,Stock Corporation - CA - General,CALIFORNIA,ANDREW B. LEE
"AGAPE OFFICE, INC. (3730178)",12/02/2014,Suspended - FTB/SOS,Stock Corporation - CA - General,CALIFORNIA,DAVID  WU
"AGILE OFFICEWORKS, INC. (3197134)",04/08/2009,Terminated,Stock Corporation - CA - General,CALIFORNIA,DONOVAN R MAKUND
"AGORA OFFICE PROPERTIES, LLC (202356015534)",04/03/2023,Active,Limited Liability Company - CA,CALIFORNIA,ANA ISACH
"AGOURA HILLS RIDGE OFFICE CONDOMINIUM ASSOCIATION, INC. (3500462)",08/16/2012,Active,Nonprofit Corporation - CA - Mutual Benefit - Common Interest Development Corporation,CALIFORNIA,BRIAN M DAVIDOFF
AGUIAR LAW OFFICES PC (3769779),03/24/2015,Suspended - FTB/SOS,Stock Corporation - CA - Professional,CALIFORNIA,LISA EILEEN AGUIAR
"AGUILAR LAW OFFICES, A PROFESSIONAL LAW CORPORATION (2791496)",07/20/2006,Active,Stock Corporation - CA - Professional,CALIFORNIA,RAUL V AGUILAR
AH Office Supply Corp (6386587),09/16/2024,Active,Stock Corporation - CA - General,CALIFORNIA,ashot hovsepyan
"Ahlering Family Office, LLC (202461211160)",02/28/2024,Active,Limited Liability Company - CA,CALIFORNIA,ROBERT F AHLERING
"AICO OFFICE SYSTEMS, INC. (2729608)",03/29/2005,Terminated,Stock Corporation - CA - General,CALIFORNIA,LILY  YEH
"AIRPORT INDUSTRIES OFFICE BUILDING, INC. (535681)",11/06/1967,Suspended - FTB,Stock Corporation - CA - General,CALIFORNIA,
"AIRPORT MARINA OFFICE SUPPLIES, INC. (864197)",04/19/1978,Terminated,Stock Corporation - CA - General,CALIFORNIA,RAJENDRA  PATEL
"AIRPORT NEW & USED OFFICE FURNITURE, INC. (1599719)",11/05/1987,Suspended - FTB,Stock Corporation - CA - General,CALIFORNIA,BILLIE LOUISE WILSON
AIRWAY OFFICE PROPERTY LLC (202253218455),11/09/2022,Active,Limited Liability Company - CA,CALIFORNIA,KIM ISAACMAN
"Airways Office Park Owners Association, Inc. (5520784)",02/20/2023,Inactive,Name Reservation,CALIFORNIA,NO AGENT
"Airways Office Park Owners Association, Inc. (5676571)",04/25/2023,Inactive,Name Reservation,CALIFORNIA,NO AGENT
"Airways Office Park Owners Association, Inc. (5709067)",05/09/2023,Active,Nonprofit Corporation - CA - Mutual Benefit - Common Interest Development Corporation,CALIFORNIA,RICHARD LEWIS Jr.
AIVAZIAN CHIROPRACTIC OFFICE P.C. (4028995),05/23/2017,Active,Stock Corporation - CA - General,CALIFORNIA,ANTOLY AIVAZIAN
"AK Employment Law Office, PC (6117753)",02/27/2024,Active,Stock Corporation - CA - Professional,CALIFORNIA,Ayse Kent
"Akcok Law Office, A Professional Law Corporation (5643209)",04/11/2023,Active,Stock Corporation - CA - Professional,CALIFORNIA,UTKU G AKCOK
"ALAMEDA COUNTY OFFICE EQUIPMENT, INC. (578635)",08/25/1969,Terminated,Stock Corporation - CA - General,CALIFORNIA,
ALAMEDA OFFICE PARK CONDOMINIUM ASSOCIATION (1251744),07/09/1984,Active,Nonprofit Corporation - CA - Mutual Benefit - Common Interest Development Corporation,CALIFORNIA,DIETER TACK
ALANNA LAW OFFICE COMPANY (6188690),04/17/2024,Active,Stock Corporation - Out of State - Professional,IOWA,Alanna M Woods
AL-ANON INFORMATION SERVICE OFFICE OF ORANGE COUNTY (758662),11/21/1975,Active,Nonprofit Corporation - CA - Public Benefit,CALIFORNIA,Michael Forshee
"ALBA OFFICE INTERIORS, INC. (652991)",06/05/1972,Suspended - FTB,Stock Corporation - CA - General,CALIFORNIA,
ALBERT LIGHT OFFICE FURNITURE (412445),04/12/1961,Suspended - FTB,Stock Corporation - CA - General,CALIFORNIA,
ALCOHOLICS ANONYMOUS CENTRAL OFFICE OF LOS ANGELES (1261263),11/02/1984,Active,Nonprofit Corporation - CA - Public Benefit,CALIFORNIA,JENNIFER WAINZ
ALCOHOLICS ANONYMOUS SPANISH INTER-GROUP OFFICE (1273971),04/15/1985,Terminated - FTB Admin,Nonprofit Corporation - CA - Public Benefit,CALIFORNIA,JIMMIE  CUEVA
ALEMAYEHU IMMIGRATION LAW OFFICE INC. (2348164),05/23/2001,Suspended - FTB/SOS,Stock Corporation - CA - General,CALIFORNIA,MULUEMEBET  ALOMAYEMU
"ALEXANDER LAW OFFICE, P.C. (3022255)",08/28/2007,Terminated,Stock Corporation - CA - General,CALIFORNIA,REGISTERED AGENTS INC
ALFA EXPORT OFFICE INC. (1434398),04/15/1988,Terminated,Stock Corporation - CA - General,CALIFORNIA,HIROYUK  MIURA
"ALHAMBRA MEDICAL OFFICE BUILDING, INC. (3166036)",10/22/2008,Terminated,Stock Corporation - CA - General,CALIFORNIA,ANGELO K TSAKOPOULOS
ALHAMBRA OFFICE SUPPLY INC. (231088),10/01/1948,Terminated,Stock Corporation - CA - General,CALIFORNIA,SHIRLEY Y DAVIS
ALISO CREEK OFFICE PARK CONDOMINIUM OWNERS ASSOCIATION (2290482),07/18/2002,Active,Nonprofit Corporation - CA - Mutual Benefit - Common Interest Development Corporation,CALIFORNIA,PAULA HALVERSON
ALISO CREEK OFFICE PARK OWNERS ASSOCIATION (2286664),01/08/2002,Active,Nonprofit Corporation - CA - Mutual Benefit - Common Interest Development Corporation,CALIFORNIA,PAULA HALVERSON
"ALL AMERICAN OFFICE FUNISHINGS, INC. (2333543)",02/23/2001,Suspended - FTB,Stock Corporation - CA - General,CALIFORNIA,
ALL AMERICAN OFFICE PRODUCTS CORPORATION (831070),10/31/1977,Suspended - FTB/SOS,Stock Corporation - CA - General,CALIFORNIA,JEROME J STAAB
ALL BUSINESS OFFICE INC. (2020258),10/23/1997,Suspended - FTB,Stock Corporation - CA - General,CALIFORNIA,ALAN L. LIEN
"All In One Office Furniture, Inc. (6536788)",01/14/2025,Active,Stock Corporation - CA - General,CALIFORNIA,Jose A. Medina
"ALL MAKES OFFICE MACHINE - AA, INC. (1215259)",11/01/1983,Suspended - FTB,Stock Corporation - CA - General,CALIFORNIA,RICHARD M LEVIN
ALL OFFICE BUSINESS SYSTEMS INC. (1359380),12/06/1985,Suspended - FTB,Stock Corporation - CA - General,CALIFORNIA,EDWARD A. BAUMAN
"ALL OFFICE FURNISHINGS, INC. (2015093)",06/26/1997,Terminated,Stock Corporation - CA - General,CALIFORNIA,RICHARD G BATES JR
ALL OFFICE SOLUTIONS (3816934),08/14/2015,Suspended - FTB,Stock Corporation - CA - General,CALIFORNIA,GUILLERMO  VERDIN
ALL OFFICE STAFF INC (3674780),05/09/2014,Terminated,Stock Corporation - CA - General,CALIFORNIA,JEFFERY  STONE
"ALL STATES OFFICE CITY, INC. (3077627)",02/26/2008,Active,Stock Corporation - CA - General,CALIFORNIA,FREDRIK MARDIROSSIAN
"ALL STATES OFFICE MACHINES, INC. (544217)",04/18/1968,Terminated,Stock Corporation - CA - General,CALIFORNIA,AVERY  WAISBREM
ALL THINGS OFFICE INC (6581550),02/11/2025,Active,Stock Corporation - CA - General,CALIFORNIA,JINGYUAN ZHU
"ALL-A-ROUND OFFICE SERVICES, INC (2884721)",06/15/2006,Suspended - FTB,Stock Corporation - CA - General,CALIFORNIA,C  FRANCIS
ALLBRIGHT LAW OFFICES. INC. (2269826),10/06/2000,Terminated,Stock Corporation - CA - General,CALIFORNIA,FAY  ZHANG
"ALLEGIANCE LAW OFFICES, A.P.C. (3691935)",07/08/2014,Suspended - FTB,Stock Corporation - CA - General,CALIFORNIA,STANLEY D BOWMAN
"Allen Office, Inc. (6217024)",05/06/2024,Active,Stock Corporation - CA - General,CALIFORNIA,Jacob Allen
ALLIANCE PRINTING & OFFICE SUPPLY (2072073),04/15/1998,Suspended - FTB/SOS,Stock Corporation - CA - General,CALIFORNIA,JAMES M DRURY
"ALLIED OFFICE FURNITURE, INC. (3834575)",10/14/2015,Terminated,Stock Corporation - CA - General,CALIFORNIA,LEON C ALEXANDER
ALLIED OFFICER'S CLUB (232375),11/26/1948,Suspended - FTB,Nonprofit Corporation - CA - General,CALIFORNIA,
"ALL-IN-ONE OFFICE MANAGEMENT, INC. (1467011)",08/15/1989,Suspended - FTB,Stock Corporation - CA - General,CALIFORNIA,RICHARD L THOMAS
"Ally Law Office of Ping Shen, PC (5910907)",09/26/2023,Terminated,Stock Corporation - CA - Professional,CALIFORNIA,Ping Shen
"Alma Dental Care a Dental Office of Dr. Richard Hada DMD, Inc. (6513616)",12/31/2024,Active,Stock Corporation - CA - Professional,CALIFORNIA,Spencer Henriod
Alma's Home Office Notary/Tax Solutions LLC (202253018461),10/26/2022,Terminated,Limited Liability Company - CA,CALIFORNIA,Alma D Pineda
Alo's Office Cleaning Services LLC (202356115491),03/29/2023,Active,Limited Liability Company - CA,CALIFORNIA,Alondra Bernabe
"ALPHA AMERICA OFFICE MACHINES, INC. (1821965)",05/27/1992,Suspended - FTB,Stock Corporation - CA - General,CALIFORNIA,GEORGE N. CROSS
"ALPHA INTERNATIONAL OFFICE, INC. (3433097)",12/19/2011,Suspended - FTB/SOS,Stock Corporation - CA - General,CALIFORNIA,KEIKO  KONDO
"ALPHA OFFICE EQUIPMENT, INC. (347782)",12/16/1957,Suspended - FTB,Stock Corporation - CA - General,CALIFORNIA,
"ALPHA OFFICE SUPPLY AND PRINTING, INC. (931508)",05/22/1979,Suspended - FTB/SOS,Stock Corporation - CA - General,CALIFORNIA,YUDA  AUCHMAN
AlphaCore Family Office Services LLC (202460914661),02/08/2024,Active,Limited Liability Company - Out of State,DELAWARE,P. Randolph Finch Jr.
"ALR OFFICE SOLUTIONS, INC. (3165218)",10/03/2008,Suspended - FTB,Stock Corporation - CA - General,CALIFORNIA,AUDREY FINLEY RAMEY
"ALTERNATIVE OFFICE SOURCE, INC. (2217773)",07/21/2000,Merged Out,Stock Corporation - CA - General,CALIFORNIA,BRANDON S WREN
"ALTERNATIVE OFFICE SYSTEMS INTERNATIONAL, INC. (1154736)",08/05/1982,Suspended - FTB,Stock Corporation - CA - General,CALIFORNIA,BERT V ANTHONY
"ALTICK LAW OFFICE, A PROFESSIONAL CORPORATION (3497965)",08/07/2012,Active,Stock Corporation - CA - Professional,CALIFORNIA,MICHELLE CLARK ALTICK
"ALWRITE OFFICE SUPPLIES, INC. (645241)",02/11/1972,Suspended - FTB,Stock Corporation - CA - General,CALIFORNIA,
AMADOR COUNTY FIRE TRAINING OFFICERS ASSOCIATION (3840172),11/02/2015,Suspended - FTB/SOS,Nonprofit Corporation - CA - Public Benefit,CALIFORNIA,CODY TYLER MARTINSEN
AMADOR COUNTY TRAINING OFFICERS ASSOCIATION (1876958),12/02/1993,Terminated,Nonprofit Corporation - CA - Public Benefit,CALIFORNIA,RAY  BLANKENHEIM
"AMAX OFFICE AND INDUSTRIAL PRODUCTS, INC. (3221338)",07/29/2009,Active,Stock Corporation - Out of State - Stock,DELAWARE,"INCORPORATING SERVICES, LTD."
AMBERWOOD OFFICE PARK OWNERS ASSOCIATION (869236),07/11/1978,Active,Nonprofit Corporation - CA - Mutual Benefit - Common Interest Development Corporation,CALIFORNIA,PACIFIC WEST ASSET MANAGEMENT CORPORATION
AMC Office Services LLC (202461910992),04/17/2024,Active,Limited Liability Company - CA,CALIFORNIA,Andrea McCloskey
"AMC OFFICE SERVICES, INCORPORATED (1499263)",07/18/1991,Terminated,Stock Corporation - CA - General,CALIFORNIA,DAVID J CARIS
AMCAL West Coast Office LLC (202464516621),11/11/2024,Terminated - SOS Admin,Limited Liability Company - CA,CALIFORNIA,"INCORP SERVICES, INC."
AMDON OFFICE CONSULTING INC. (3273373),01/21/2010,Active,Stock Corporation - CA - General,CALIFORNIA,MARC JOSEPH AMDON
"AMED MEDICAL OFFICE SYSTEMS, INC. (2224477)",03/17/2000,Active,Stock Corporation - CA - General,CALIFORNIA,ROBERT RESNICK
AMERICA SHANGHAI FILM ACADEMY OFFICE (4852209),02/23/2022,Active,Stock Corporation - CA - General,CALIFORNIA,YAN ZHAO
AMERICAN ASSOCIATION OF BICYCLE PATROL OFFICERS (1875486),10/27/1993,Terminated - FTB Admin,Nonprofit Corporation - CA - Public Benefit,CALIFORNIA,BRUCE  LESSER
AMERICAN ASSOCIATION OF POLICE OFFICERS (1884874),03/03/1994,Terminated,Nonprofit Corporation - Out of State,TEXAS,PAUL  KUTAC
"AMERICAN CERTIFIED OFFICE SUPPLIES, INC. (758056)",11/12/1975,Suspended - FTB,Stock Corporation - CA - General,CALIFORNIA,
AMERICAN CHIEF FINANCE OFFICE ASSOCIATION (3396722),07/13/2011,Suspended - FTB,Stock Corporation - CA - General,CALIFORNIA,
"AMERICAN COMPUTER AND OFFICE SUPPLIES, INC. (1342355)",06/13/1985,Suspended - FTB/SOS,Stock Corporation - CA - General,CALIFORNIA,RICHARD  CUMMINS
AMERICAN MARKETING OFFICER ASSOCIATION (2443314),07/19/2002,Suspended - FTB,Stock Corporation - CA - General,CALIFORNIA,"HALLUM  ANDREW B, JR."
AMERICAN MERCHANT MARINE OFFICERS LEAGUE LTD (136491),11/07/1929,Active,Nonprofit Corporation - Legacy 9928,CALIFORNIA,
"AMERICAN OFFICE EQUIPMENT AND BUSINESS SYSTEMS, INC. (1712576)",09/10/1992,Suspended - FTB,Stock Corporation - CA - General,CALIFORNIA,LES  GREEN
"AMERICAN OFFICE FURNISHINGS, INC. (2333544)",02/23/2001,Suspended - FTB,Stock Corporation - CA - General,CALIFORNIA,LEE ALLEN RAMER
"AMERICAN OFFICE FURNITURE, INCORPORATED (3150394)",07/01/2008,Active,Stock Corporation - CA - General,CALIFORNIA,BLANCA TORIZ
"AMERICAN OFFICE LEASING, INC. (1188732)",11/26/1985,Suspended - FTB,Stock Corporation - CA - General,CALIFORNIA,MARC  WEISSMAN
"AMERICAN OFFICE PARK PROPERTIES TPGP, INC. (1796608)",01/02/1997,Active,Stock Corporation - CA - General,CALIFORNIA,CORPORATION SERVICE COMPANY WHICH WILL DO BUSINESS IN CALIFORNIA AS CSC - LAWYERS INCORPORATING SERVICE
"AMERICAN OFFICE PRODUCTS & BUSINESS SYSTEMS, INC. (1241367)",03/16/1984,Suspended - FTB,Stock Corporation - CA - General,CALIFORNIA,ALAN MC KEE
"AMERICAN OFFICE SERVICES, INC. (1301249)",03/09/1984,Suspended - FTB,Stock Corporation - CA - General,CALIFORNIA,ROBERT  MILLER
"AMERICAN OFFICE SERVICES, INC. (2157274)",03/04/1999,Suspended - FTB/SOS,Stock Corporation - CA - General,CALIFORNIA,LAUREEN NAN MCVICKER
AMERICAN OFFICE SUPLY INC. (4302551),07/29/2019,Suspended - FTB,Stock Corporation - CA - General,CALIFORNIA,DAVID  PAVLICHENKO
AMERICAN OFFICE SUPPLIES CO. (1025680),09/26/1980,Suspended - FTB,Stock Corporation - CA - General,CALIFORNIA,VLADIMIR  NUDEL
"AMERICAN OFFICE SUPPLIES, INC. (2961167)",12/28/2006,Suspended - FTB,Stock Corporation - CA - General,CALIFORNIA,MARK  BRIFMAN
AMERICAN OFFICE SYSTEMS INCORPORATED (2586782),12/06/2004,Suspended - FTB/SOS,Stock Corporation - CA - General,CALIFORNIA,MARIO  KRAY
"AMERICAN OFFICE SYSTEMS, INC. (702332)",07/12/1973,Suspended - FTB,Stock Corporation - CA - General,CALIFORNIA,THOMAS J DEVANE
AMERICAN RIVER DRIVE OFFICE PARK OWNERS ASSOCIATION (1530523),05/07/1986,Active,Nonprofit Corporation - CA - Mutual Benefit - Common Interest Development Corporation,CALIFORNIA,Management Consulting Group
American Stars Family Office LLC (202462716398),06/20/2024,Active,Limited Liability Company - Out of State,DELAWARE,"CALIFORNIA CORPORATE AGENTS, INC."
AMERICA'S BACK OFFICE INC (3803318),06/23/2015,Forfeited - FTB,Stock Corporation - Out of State - Stock,MICHIGAN,
"AMERICA'S BACK OFFICE, INC - NORTHEAST (3851252)",12/16/2015,Forfeited - SOS,Stock Corporation - Out of State - Stock,MICHIGAN,C T CORPORATION SYSTEM
"AMERICA'S BACK OFFICE, INC. - CA (4534109)",11/25/2019,Terminated,Stock Corporation - Out of State - Stock,MICHIGAN,C T CORPORATION SYSTEM
"AMERICA'S BACK OFFICE, LLC - CA. (B20250314300)",10/03/2025,Active,Limited Liability Company - Out of State,DELAWARE,COGENCY GLOBAL INC.
"America's Back Office, LLC - U.S. (B20250280434)",09/02/2025,Active,Limited Liability Company - Out of State,DELAWARE,COGENCY GLOBAL INC.
AMERICAS OFFICE SOURCE INC (3884542),03/10/2016,Active,Stock Corporation - Out of State - Stock,FLORIDA,C T CORPORATION SYSTEM
AMERITEX OFFICE SOLUTIONS Incorporated (5884794),08/30/2023,Active,Stock Corporation - CA - General,CALIFORNIA,HANK MARCHETTI
"AMES LAW OFFICES, INC. (1334671)",03/21/1985,Terminated - FTB Admin,Nonprofit Corporation - CA - Mutual Benefit,CALIFORNIA,V  KREGSFELD
ANACAPA OFFICE FURNITURE AND COMMERCIAL INTERIORS (4102733),01/09/2018,Terminated,Stock Corporation - CA - General,CALIFORNIA,Mike Farrell
"ANAHEIM MOTOR OFFICERS ASSOCIATION, INCORPORATED (731648)",02/27/1975,Terminated - FTB Admin,Nonprofit Corporation - CA - Mutual Benefit,CALIFORNIA,STEVEN E LEFF
ANDERSON POLICE OFFICERS' ASSOCIATION BOXING CLUB (1092679),10/07/1981,Suspended - FTB,Nonprofit Corporation - CA - Public Benefit,CALIFORNIA,JIM  DAVIS
"ANDRADE LAW OFFICES, A PROFESSIONAL CORPORATION (3182560)",12/26/2008,Active,Stock Corporation - CA - Professional,CALIFORNIA,KATHLEEN JANELL ANDRADE
"ANDREW WALKER LAW OFFICE, P.C. (4179438)",08/02/2018,Active,Stock Corporation - CA - General,CALIFORNIA,ANDREW D WALKER
ANESTHESIA OFFICES (489777),04/26/1965,Suspended - FTB,Stock Corporation - CA - General,CALIFORNIA,
"ANGEL LAW OFFICES, PC (3191679)",02/23/2009,Forfeited - FTB,Stock Corporation - Out of State - Stock,COLORADO,BRUCE  KATES
ANGELENO OFFICE OWNERS ASSOCIATION (1158466),09/24/1982,Active,Nonprofit Corporation - CA - Mutual Benefit - Common Interest Development Corporation,CALIFORNIA,"JENKINS PROPERTIES MANAGEMENT COMPANY, INC."
Angie's Office Space LLC (202355914244),03/21/2023,Active,Limited Liability Company - CA,CALIFORNIA,Andrea N Cooper
ANTARCTIC MEDICAL OFFICE INCORPORATED (2770205),08/16/2005,Suspended - FTB,Stock Corporation - CA - General,CALIFORNIA,PETER  MILNE M.D.
ANTELOPE VALLEY MEDICAL OFFICE BUILDING OWNERS ASSOCIATION (1435995),05/06/1988,Active,Nonprofit Corporation - CA - Mutual Benefit,CALIFORNIA,DODDANNA  KRISHNA
ANTIOCH POLICE OFFICERS ASSOCIATION (344853),10/03/1957,Active,Nonprofit Corporation - CA - Mutual Benefit,CALIFORNIA,BOB TEMAN
"APEX LA LAW OFFICE, APC (4315258)",09/09/2019,Suspended - FTB,Stock Corporation - CA - Professional,CALIFORNIA,REGISTERED AGENTS INC
"Apex Office Advisors, Inc. (B20250313880)",09/24/2025,Active,Stock Corporation - CA - General,CALIFORNIA,"NORTHWEST REGISTERED AGENT, INC."
Apex Office Cleaning LLC (202565210681),01/05/2025,Terminated,Limited Liability Company - CA,CALIFORNIA,Entity Protect Registered Agent Services Corp.
"APG OFFICE FURNISHINGS, INC. (2472043)",10/28/2002,Active,Stock Corporation - Out of State - Stock,OHIO,"NATIONAL REGISTERED AGENTS, INC."
APOLLO BACK OFFICE LLC (202359316542),10/10/2023,Active,Limited Liability Company - CA,CALIFORNIA,REPUBLIC REGISTERED AGENT INC.
Apollo Family Office Group LLC (202565117088),01/02/2025,Active,Limited Liability Company - CA,CALIFORNIA,Zhou Wang
Apolonia Rybicki Office Planning and Consulting LLC (202357613757),06/09/2023,Active,Limited Liability Company - CA,CALIFORNIA,Apolonia Rybicki
APPLELATE RIGHTS LAW OFFICE (2411137),03/22/2002,Suspended - FTB/SOS,Nonprofit Corporation - CA - Public Benefit,CALIFORNIA,MEREDITH  FAHN
"APPLIED OFFICE SOLUTIONS, INC. (2416101)",05/21/2002,Forfeited - FTB,Stock Corporation - Out of State - Stock,DELAWARE,DAVE  NEVILLE
"APPLIED OFFICE TECHNOLOGIES, INC. (1819746)",04/14/1992,Suspended - FTB/SOS,Stock Corporation - CA - General,CALIFORNIA,DAVID A BLUM
"APRICOT OFFICE PERSONNEL, INC. (1460024)",04/17/1989,Suspended - FTB,Stock Corporation - CA - General,CALIFORNIA,LESLIE EILEEN SNELLINGS
"ARABIAN GULF OFFICE (U.S.A., INC.) (1304228)",04/10/1984,Suspended - FTB,Stock Corporation - CA - General,CALIFORNIA,P BASIL LAMBROS
"ARAUJO LAW OFFICES, PC (3566711)",05/06/2013,Active,Stock Corporation - CA - Professional,CALIFORNIA,Raquel Avila
ARC FAMILY OFFICE LLC (202460417635),01/03/2024,Active,Limited Liability Company - Out of State,DELAWARE,ANDREW CORONA
ARCADE CREEK OFFICE PARK OWNERS ASSOCIATION (1085854),08/07/1981,Suspended - FTB,Nonprofit Corporation - CA - Mutual Benefit,CALIFORNIA,CHRID  GIGUIERE
ARCADIA POLICE OFFICERS' ASSOCIATION (225544),03/10/1948,Suspended - FTB/SOS,Nonprofit Corporation - CA - Mutual Benefit,CALIFORNIA,DANIEL  TEA
"ARCHITECTURE AND PLANNING OFFICES, INC. (1183249)",11/21/1984,Suspended - FTB,Stock Corporation - CA - General,CALIFORNIA,JOSEPH FRANK DROSIHN
ARCHITECTURE OFFICE LLC (B20250191557),07/02/2025,Active,Limited Liability Company - CA,CALIFORNIA,ZENBUSINESS INC.
"ARDMORE OFFICE PARTNERS, LLC (202356619829)",04/06/2023,Active,Limited Liability Company - CA,CALIFORNIA,Alexander Thorne
"ARDMORE OFFICE PROPERTIES, LLC (202356711355)",04/06/2023,Active,Limited Liability Company - CA,CALIFORNIA,Alexander Thorne
"Area Dental, Truong Dental Office PC (6178663)",04/15/2024,Active,Stock Corporation - CA - Professional,CALIFORNIA,Minhchau Nguyen
"ARGYLE OFFICE PROPERTIES, LLC (202355818955)",03/19/2023,Active,Limited Liability Company - CA,CALIFORNIA,ALEXANDER THORNE
"ARIEL J. RODRIGUEZ DENTAL OFFICE OF REDONDO BEACH, INC. (5409870)",01/03/2023,Active,Stock Corporation - CA - Professional,CALIFORNIA,Ariel Rodriguez
ARLINGTON LAW OFFICE INC. (4552643),01/10/2020,Active,Stock Corporation - CA - General,CALIFORNIA,ROSE BUI
ARMENIA TRADE AND INFORMATION OFFICE CORP. (3170848),09/29/2008,Suspended - FTB,Nonprofit Corporation - CA - Mutual Benefit,CALIFORNIA,ARMINE  PETROSYAN
"ARMENIAN NATIONAL PEACE OFFICERS ASSOCIATION, INC. (2487092)",01/30/2003,Suspended - FTB/SOS,Nonprofit Corporation - CA - Public Benefit,CALIFORNIA,H R TOPALIAN
"ARMENIAN PEACE OFFICERS ASSOCIATION, INC. (3743399)",01/08/2015,Suspended - FTB/SOS,Nonprofit Corporation - CA - Public Benefit,CALIFORNIA,ALBERT  ABKARIAN
"ARMOR LOAN OFFICE, INC. (1107872)",03/31/1982,Terminated,Stock Corporation - CA - General,CALIFORNIA,STEPHEN RUSSELL FROMKES
"Arnold's Office Furniture, LLC (202461610279)",04/08/2024,Active,Limited Liability Company - Out of State,PENNSYLVANIA,REGISTERED AGENTS INC
"ARNOLD'S OFFICE PRODUCTS, INC. (1157125)",09/07/1982,Terminated,Stock Corporation - CA - General,CALIFORNIA,ROGER W ARNOLD
ARROW OFFICE SUPPLY COMPANY (334890),03/11/1957,Suspended - FTB,Stock Corporation - CA - General,CALIFORNIA,
ARROWHEAD OFFICE SUPPLY CO. (485910),02/17/1965,Suspended - FTB,Stock Corporation - CA - General,CALIFORNIA,
"ARTHUR & ASSOCIATES LAW OFFICES, A PROFESSIONAL LAW CORPORATION (3030569)",12/10/2007,Active,Stock Corporation - CA - Professional,CALIFORNIA,ARTHUR ILANGESYAN
"ARTISTIC DENTAL CARE, DENTAL OFFICE OF FUNG Y. SHUEN, DDS, DENTAL CORPORATION (2676857)",09/28/2004,Active,Stock Corporation - CA - General,CALIFORNIA,FUNG Y SHUEN
"ASAP PROFESSIONAL OFFICE SERVICES, INC. (918345)",05/07/1979,Suspended - FTB,Stock Corporation - CA - General,CALIFORNIA,ELINOR M VAN DEN AKKER
"ASH OFFICE FURNITURE, INC. (3501441)",08/20/2012,Terminated,Stock Corporation - CA - General,CALIFORNIA,ALLEN HARRIS
"ASHBURN LAW OFFICE, A PROFESSIONAL CORPORATION (3046018)",09/13/2007,Terminated,Stock Corporation - CA - Professional,CALIFORNIA,STEVEN M. ASHBURN
"ASHWORTH DESIGN OFFICE, INC. (3854654)",12/21/2015,Active,Stock Corporation - CA - General,CALIFORNIA,MICHAEL ASHWORTH
"ASK OFFICE MANAGEMENT, INC (5881472)",08/28/2023,Active,Stock Corporation - CA - General,CALIFORNIA,ARTAK HARIKYAN
Aspire Office Solutions LLC. (202252813966),10/08/2022,Active,Limited Liability Company - CA,CALIFORNIA,Antheus Daniels
ASSAY OFFICE INC. (1300435),03/01/1984,Suspended - FTB,Stock Corporation - CA - General,CALIFORNIA,JOHN  DOERST
"Asset Forfeiture Law Office, P.C. (5467601)",01/25/2023,Active,Stock Corporation - CA - Professional,CALIFORNIA,SEBASTIAN RUCCI
ASSOCIATED LAW OFFICES INCORPORATED (70057922),07/17/1909,Suspended - FTB,Legacy Corporation,CALIFORNIA,
"ASSOCIATED OFFICE PRODUCTS, INC. (1077523)",05/15/1981,Suspended - FTB,Stock Corporation - CA - General,CALIFORNIA,
ASSOCIATION OF ADMINISTRATIVE OFFICERS (1525934),03/12/1986,Terminated - FTB Admin,Nonprofit Corporation - CA - Mutual Benefit,CALIFORNIA,JOHNNIE SUE TAVARES
ASSOCIATION OF BIOSCIENCE FINANCIAL OFFICERS (1858911),05/26/1993,Active,Nonprofit Corporation - CA - Mutual Benefit,CALIFORNIA,DAVID JOHN TUCKER
ASSOCIATION OF EDUCATIONAL OFFICE & TECHNICAL EMPLOYEES OF THE HAYWARD UNIFIED SCHOOL DISTRICT (1533104),05/28/1986,Suspended - FTB,Nonprofit Corporation - CA - Mutual Benefit,CALIFORNIA,LYNNE M CHISHOLM
"ASSOCIATION OF EDUCATIONAL OFFICE EMPLOYEES OF THE LOS ANGELES CITY UNIFIED SCHOOL DISTRICT, INC. (752740)",08/22/1975,Active,Nonprofit Corporation - CA - Mutual Benefit,CALIFORNIA,MARIA SARA GONZALEZ Ms.
"ASSOCIATION OF FORMER INTELLIGENCE OFFICERS, ANDRE LEGALLO CHAPTER (3999326)",02/27/2017,Active,Nonprofit Corporation - CA - Public Benefit,CALIFORNIA,CYRILLE BETANT
"ASSOCIATION OF POLICE PLANNING & RESEARCH OFFICERS, INC. (748208)",12/11/1975,Terminated - FTB Admin,Nonprofit Corporation - CA - Public Benefit,CALIFORNIA,ROBERT  MARCONI
AT THE OFFICE (803069),11/17/1976,Suspended - FTB,Nonprofit Corporation - CA - Mutual Benefit,CALIFORNIA,
ATALLA DENTAL OFFICE (3553358),02/27/2013,Terminated,Stock Corporation - CA - General,CALIFORNIA,"CORPNET, INCORPORATED"
"ATC-US LIASION OFFICE, INC. (2447919)",09/24/2002,Terminated,Stock Corporation - CA - General,CALIFORNIA,SANG KWANG KIM
ATHERTON POLICE OFFICER'S ASSOCIATION (1290257),10/29/1985,Active,Nonprofit Corporation - CA - Public Benefit,CALIFORNIA,JEFF TAYLOR
Atherton Police Officers Foundation (B20250400011),11/26/2025,Active,Nonprofit Corporation - CA - Public Benefit,CALIFORNIA,"CALIFORNIA CORPORATE AGENTS, INC."
"ATHWAL LAW OFFICE, P.C. (4179410)",08/01/2018,Active,Stock Corporation - CA - General,CALIFORNIA,KAMARDEEP ATHWAL
ATLANTIC OFFICE AUTOMATION INC. (1506924),01/26/1989,Active,Stock Corporation - CA - General,CALIFORNIA,PAUL PERDUE
ATLANTIC OFFICE SUPPLIES (3578628),06/07/2013,Terminated,Stock Corporation - CA - General,CALIFORNIA,CHIH-LUNG  LIN
Atlas Office Holdings LLC (202354617865),01/25/2023,Active,Limited Liability Company - CA,CALIFORNIA,Alexander Thorne
"ATLAS OFFICE PRODUCTS, INC. (1446390)",09/28/1988,Suspended - FTB,Stock Corporation - CA - General,CALIFORNIA,GABRIEL J. BIBBY
"AT-LYN OFFICE PRODUCTS, INC. (1381933)",07/31/1986,Suspended - FTB,Stock Corporation - CA - General,CALIFORNIA,WILLIAM D DODSON
"ATN LAW OFFICE, P.C. (3909773)",05/20/2016,Active,Stock Corporation - CA - General,CALIFORNIA,Anh Paschal
ATTORNEY OFFICE SERVICE CORP. (2964522),01/29/2007,Terminated,Stock Corporation - CA - General,CALIFORNIA,MICHAEL  BERNSTEIN
ATTORNEY OFFICE SUPPORT SYSTEMS (939934),09/11/1979,Suspended - FTB,Stock Corporation - CA - General,CALIFORNIA,
"ATV OFFICE INFORMATION SYSTEMS, INC. (1066833)",02/23/1982,Suspended - FTB,Stock Corporation - CA - General,CALIFORNIA,JOHN L NICHOLAS
"AU LAW OFFICE, P.C. (4730111)",04/08/2021,Active,Stock Corporation - CA - General,CALIFORNIA,YIU AU
August office cleaning and janitorial service L.L.C. (202253116160),10/31/2022,Active,Limited Liability Company - CA,CALIFORNIA,Tera Lachey Dunn
"AUGUST OFFICE PROPERTIES, LLC (202355813190)",03/17/2023,Active,Limited Liability Company - CA,CALIFORNIA,ALEXANDER THORNE
AURA OFFICE LLC (4792076),09/20/2021,Active,Limited Liability Company - CA,CALIFORNIA,JAMES RONALD DANIELS
AURUM Family Office Limited Liability Company (202464719756),12/02/2024,Active,Limited Liability Company - CA,CALIFORNIA,FIRST FOUNDATION BANK
AUSTRALIAN FILMS OFFICE INC. (839800),02/28/1978,Terminated,Stock Corporation - CA - General,CALIFORNIA,C T CORPORATION SYSTEM
"AUSTRIAN NATIONAL TOURIST OFFICE, INC. (978789)",03/26/1980,Forfeited - FTB/SOS,Stock Corporation - Out of State - Stock,NEW YORK,PETER  KATZ
AUSTRIAN TOURIST OFFICE INC. (2681160),10/06/2004,Forfeited - FTB,Stock Corporation - Out of State - Stock,NEW YORK,PETER  KATZ
"AUTO DEALERS OFFICE MANAGEMENT ASSOCIATION, INC. (1697676)",09/16/1991,Active,Nonprofit Corporation - CA - Mutual Benefit,CALIFORNIA,SHERRY HOSMER
AUTOMATED OFFICE MACHINE SERVICE (1464260),06/29/1989,Terminated,Stock Corporation - CA - General,CALIFORNIA,JOSE A.  PUNONGBAYAN
"AUTOMATED OFFICE SYSTEMS, INC. (4163558)",06/12/2018,Terminated,Stock Corporation - CA - General,CALIFORNIA,LORI LEE MOREFIELD-BERG
"AUTOMOTIVE COMPLIANCE LAW OFFICE, INC. (3505285)",08/30/2012,Suspended - SOS,Stock Corporation - CA - General,CALIFORNIA,JASPREET S DOSANJH
AUTOMOTIVE OFFICE STAFFING CORPORATION (2324708),12/26/2000,Terminated,Stock Corporation - CA - General,CALIFORNIA,
AUX OFFICE INC (3125820),07/23/2008,Active,Stock Corporation - CA - General,CALIFORNIA,BRIAN WICKERSHAM
"AVANTA OFFICE MACHINES, INC. (2939934)",12/27/2006,Suspended - FTB,Stock Corporation - CA - General,CALIFORNIA,DWIGHT  PADILLA
AVC OFFICE AUTOMATION (1380579),07/17/1986,Suspended - FTB/SOS,Stock Corporation - CA - General,CALIFORNIA,GARY  MISAKI
AVPA MEDICAL & OFFICE SUPPLIES LLC (202355718266),03/16/2023,Active,Limited Liability Company - CA,CALIFORNIA,ANA PEREZ APODACA
"AWESOME OFFICE, INC. (3849950)",12/11/2015,Active,Stock Corporation - Out of State - Stock,DELAWARE,SEAN  KELLY
AXIS OFFICE PRODUCTS INC. (2397917),05/10/2002,Suspended - FTB,Stock Corporation - CA - General,CALIFORNIA,LIANG QING JU
"AXSYS MODULAR OFFICE SYSTEMS, INC. (1618255)",07/15/1988,Suspended - FTB/SOS,Stock Corporation - CA - General,CALIFORNIA,TOM  TIFT
"A-Z OFFICE PRODUCTS, INC. (1398749)",02/06/1987,Suspended - FTB,Stock Corporation - CA - General,CALIFORNIA,RIMON Y ABU ATA
AZDZ OFFICE 1 LLC (B20250314083),10/03/2025,Active,Limited Liability Company - CA,CALIFORNIA,DANIEL SCHWARTZ
"AZTEC OFFICE OUTFITTERS, INC. (710260)",03/11/1974,Suspended - FTB,Stock Corporation - CA - General,CALIFORNIA,
AZUSA POLICE OFFICERS ASSOCIATION (403517),10/06/1960,Suspended - FTB,Nonprofit Corporation - CA - Mutual Benefit,CALIFORNIA,Jeffrey Wold
"B & B COLACE FAMILY OFFICE, LP (B20250151928)",06/05/2025,Active,Limited Partnership - CA,CALIFORNIA,BARBARA J. COLACE
B & B OFFICE AND HOME MAINTENANCE INC. (1344643),07/08/1985,Terminated,Stock Corporation - CA - General,CALIFORNIA,DOUGLAS A BLACK
"B & G LAND OFFICE, INC. (1258896)",10/01/1984,Forfeited - FTB,Stock Corporation - Out of State - Stock,DELAWARE,ROBERT  WHITE
"B & K OFFICE EQUIPMENT, INC. (1555463)",06/07/1988,Suspended - FTB,Stock Corporation - CA - General,CALIFORNIA,
"B.J.R. SUPERIOR OFFICE SOLUTIONS, INC. (2143082)",07/15/1999,Terminated,Stock Corporation - CA - General,CALIFORNIA,WILLIAM B THOMPSON
B2B OFFICE SPACE INC. (3567642),04/29/2013,Suspended - FTB,Stock Corporation - CA - General,CALIFORNIA,SINH  BUI
"BACINETT LAW OFFICES, A PROFESSIONAL CORPORATION, A CALIFORNIA CORPORATION (2587763)",01/18/2005,Active,Stock Corporation - CA - Professional,CALIFORNIA,STANLEY JAMES BACINETT
Back Office Administrators LLC (202253519714),01/01/2023,Active,Limited Liability Company - CA,CALIFORNIA,Edward C King Sr
"BACK OFFICE ASSISTANCE, INC. (3901638)",04/28/2016,Terminated,Stock Corporation - CA - General,CALIFORNIA,LESLIE  BUSHNELL
Back Office Gurus LLC (202356819869),05/01/2023,Active,Limited Liability Company - CA,CALIFORNIA,CORPORATE CREATIONS NETWORK INC.
Back Office Management LLC (B20250373389),11/06/2025,Active,Limited Liability Company - CA,CALIFORNIA,Moshe Nafisi
"Back Office MVP, LLC (202354712864)",01/27/2023,Active,Limited Liability Company - CA,CALIFORNIA,Claire Baker
"Back Office Operations Group, LLC (202358616895)",08/17/2023,Active,Limited Liability Company - CA,CALIFORNIA,"NORTHWEST REGISTERED AGENT, INC."
"BACK OFFICE OPERATIONS MANAGEMENT, INC. (2136056)",04/02/1999,Terminated,Stock Corporation - CA - General,CALIFORNIA,MICHAEL  GOLDBERG
"BACK OFFICE RESOURCES, INC. (4213609)",11/16/2018,Suspended - FTB,Stock Corporation - CA - General,CALIFORNIA,TEOTIMO  SAN ANTONIO
"Back Office Simple Solutions, LLC (202357618838)",06/13/2023,Active,Limited Liability Company - CA,CALIFORNIA,Silva
"Back Office Simple Solutions, LLC (5625430)",04/04/2023,Inactive,Name Reservation,CALIFORNIA,NO AGENT
"BACK OFFICE SOFTWARE SYSTEMS, INC. (1487059)",09/07/1990,Terminated,Stock Corporation - CA - General,CALIFORNIA,ROY  MACK
"BACK OFFICE SOLUTIONS, INC. (1604002)",12/28/1987,Suspended - FTB,Stock Corporation - CA - General,CALIFORNIA,J. BRYAN HALL
BACK OFFICE SUPPORT SERVICE (1905620),01/03/1997,Merged Out,Stock Corporation - CA - General,CALIFORNIA,MICHAEL  KELLY
BACK OFFICE SUPPORT SYSTEMS (4217204),12/04/2018,Terminated,Stock Corporation - CA - General,CALIFORNIA,"LEGALZOOM.COM, INC."
"BACK OFFICE SYNERGY, INC. (3622982)",12/04/2013,Merged Out,Stock Corporation - CA - General,CALIFORNIA,JOHN  SMAHA
BACK OFFICE TASK SUPPORT CORPORATION (4779408),08/19/2021,Active,Stock Corporation - CA - General,CALIFORNIA,KRISTIIE LYNETTE REECE
Back Office United Insurance Services LLC (202251512872),07/11/2022,Terminated,Limited Liability Company - CA,CALIFORNIA,Amanda Mattison
Back Office VA LLC (B20250202788),07/10/2025,Active,Limited Liability Company - CA,CALIFORNIA,Ralston Kirk Compton II
BADGES SUPPORTING FALLEN OFFICERS' FAMILIES (3435879),01/18/2012,Suspended - FTB/SOS,Nonprofit Corporation - CA - Public Benefit,CALIFORNIA,BRET DANIELS
"BAEZA CHIROPRACTIC OFFICES, INC. (968309)",11/29/1979,Suspended - FTB,Stock Corporation - CA - General,CALIFORNIA,WILLIAM M BAEZA
"Bahar Law Office, P.C. (B20250213886)",07/23/2025,Active,Stock Corporation - CA - Professional,CALIFORNIA,Sarvenaz Bahar
BAKER-RED HILL OFFICE PARK ASSOCIATION (2931613),10/23/2006,Active,Nonprofit Corporation - CA - Mutual Benefit - Common Interest Development Corporation,CALIFORNIA,RICK JASIEWICZ
"BAKERSFIELD CHAPTER OF THE RETIRED OFFICERS ASSOCIATION, INC. (1600272)",10/26/1987,Terminated - FTB Admin,Nonprofit Corporation - CA - Public Benefit,CALIFORNIA,ROBERT L SEIBLY
BAKERSFIELD POLICE OFFICERS ASSOCIATION (1292850),12/06/1985,Active,Nonprofit Corporation - CA - Mutual Benefit,CALIFORNIA,AARON  BEAHM
BAKERSFIELD POLICE OFFICERS FOUNDATION (4623765),07/27/2020,Active,Nonprofit Corporation - CA - Public Benefit,CALIFORNIA,Santiago Baltazar
"BALANCED OFFICE SOLUTIONS, INC. (4115205)",02/07/2018,Terminated,Stock Corporation - CA - General,CALIFORNIA,ALLEN AH YOU
"BALBOA OFFICE INTERIORS, INC. (714134)",05/09/1974,Suspended - FTB,Stock Corporation - CA - General,CALIFORNIA,
"BALBOA OFFICE SERVICE CENTERS, INC. (714135)",05/09/1974,Suspended - FTB,Stock Corporation - CA - General,CALIFORNIA,
"BALLINGER LAW OFFICE, INC. (2657832)",05/28/2004,Terminated,Stock Corporation - CA - General,CALIFORNIA,RICHARD J COTTRELL
BALLINGER'S OFFICE FURNITURE INC. (1832801),02/28/1994,Terminated,Stock Corporation - CA - General,CALIFORNIA,CAROL A LARUUSA
"BALONICK LAW OFFICE, INC. (4145923)",04/25/2018,Active,Stock Corporation - CA - General,CALIFORNIA,BARNEY  BALONICK
"BANCROFT OFFICE FURNISHINGS, INC. (775475)",08/02/1976,Suspended - FTB/SOS,Stock Corporation - CA - General,CALIFORNIA,DOROTHY D SPENCER
BANGLADESH ARMED FORCES VETERAN OFFICERS ASSOCIATION (3809594),07/22/2015,Suspended - FTB,Nonprofit Corporation - CA - Public Benefit,CALIFORNIA,ZIA  ISLAM
Bankston Immigration Law Office P.C. (5742655),05/28/2023,Active,Stock Corporation - CA - Professional,CALIFORNIA,Dustin Cody Bankston
BARBADOS TRADE INFORMATION OFFICE (2907614),12/05/2006,Suspended - FTB,Nonprofit Corporation - CA - Public Benefit,CALIFORNIA,CHARLES IAN KING
"BARCENA LAW OFFICES, A PROFESSIONAL LAW CORPORATION (4653885)",10/15/2020,Active,Stock Corporation - CA - Professional,CALIFORNIA,KELLY RYAN
BARLEV LAW OFFICE PC (5907628),09/21/2023,Active,Stock Corporation - CA - Professional,CALIFORNIA,Ofer Barlev
BARNEY'S LOAN OFFICE (70147434),12/15/1931,Terminated,Legacy Corporation,CALIFORNIA,
"BARON/RYAN OFFICE, INCORPORATED (459182)",10/15/1963,Terminated,Stock Corporation - CA - General,CALIFORNIA,THOMAS R RYAN
BART POLICE OFFICERS ASSOCIATION (3113025),10/21/2009,Active,Nonprofit Corporation - CA - Mutual Benefit,CALIFORNIA,JAMIE TROST
"Barth Law Office, a Professional Corporation (6528644)",01/09/2025,Inactive,Name Reservation,CALIFORNIA,NO AGENT
"Barth Law Office, a Professional Corporation (6534526)",01/13/2025,Active,Stock Corporation - CA - Professional,CALIFORNIA,"REGISTERED AGENT SOLUTIONS, INC."
"BARTLETT LAW OFFICES, A PROFESSIONAL LAW CORPORATION (2284058)",08/02/2001,Active,Stock Corporation - CA - Professional,CALIFORNIA,LAWRENCE JAMES BARTLETT
"BARTON CREEK OFFICE II, INC. (2263053)",09/20/2000,Terminated,Nonprofit Corporation - Out of State,DELAWARE,C T CORPORATION SYSTEM
"BARTON CREEK OFFICE II, INC. (4040847)",06/27/2017,Terminated,Nonprofit Corporation - Out of State,DELAWARE,C T CORPORATION SYSTEM
BARTON'S OFFICE SUPPLY (355088),05/26/1958,Suspended - FTB/SOS,Stock Corporation - CA - General,CALIFORNIA,A. L. KESNICK
"BASIC OFFICE SUPPLIES SYSTEMS, INC. (1098775)",12/14/1981,Suspended - FTB,Stock Corporation - CA - General,CALIFORNIA,VERNON  COOKE
"BASIC OFFICE SYSTEMS, INC. (1589657)",06/25/1987,Suspended - FTB,Stock Corporation - CA - General,CALIFORNIA,ROBERT  MORALES
BASS & ASSOCIATES LAW OFFICES INC. (4831668),01/04/2022,Active,Stock Corporation - Out of State - Stock,ARIZONA,CSC - LAWYERS INCORPORATING SERVICE
"BATESON CHIROPRACTIC OFFICE, A PROFESSIONAL CORPORATION (1075287)",05/04/1981,Terminated,Stock Corporation - CA - Professional,CALIFORNIA,CLARENCE G BATESON
"BAXTER LAW OFFICES, APC (4551441)",01/09/2020,Active,Stock Corporation - CA - Professional,CALIFORNIA,SARAH BAXTER KAPLAN
BAY AREA CONTRACT COMPLIANCE OFFICERS ASSOCIATION (1632675),01/26/1989,Suspended - FTB/SOS,Nonprofit Corporation - CA - Mutual Benefit,CALIFORNIA,BAYARD  FONG
BAY AREA OFFICE AND CLERICALS CORPORATION (1298560),02/21/1986,Suspended - FTB,Stock Corporation - CA - General,CALIFORNIA,THOMAS F DONAHUE
"BAY AREA OFFICE NETWORK, INC. (1514105)",05/30/1990,Suspended - FTB,Stock Corporation - CA - General,CALIFORNIA,T J TISON
BAY CITIES OFFICE EQUIPMENT COMPANY INC. (734308),04/14/1975,Suspended - FTB,Stock Corporation - CA - General,CALIFORNIA,RICHARD W STILL
Bay Family Office LLC (202252519043),09/21/2022,Terminated,Limited Liability Company - CA,CALIFORNIA,"LEGALZOOM.COM, INC."
BAY LAW OFFICES CORP (3227447),09/01/2009,Suspended - FTB,Stock Corporation - CA - General,CALIFORNIA,"LEGALZOOM.COM, INC."
BAY OFFICE LEASING (978584),03/26/1980,Terminated,Stock Corporation - CA - General,CALIFORNIA,R C WELLS
Bay Office Suites LLC (B20250061718),04/04/2025,Active,Limited Liability Company - CA,CALIFORNIA,"NORTHWEST REGISTERED AGENT, INC."
BAYFRONT OFFICE SOLUTIONS INC (6018902),12/19/2023,Active,Stock Corporation - CA - General,CALIFORNIA,MIGUEL RUIZ ARAUJO
BAYHILL OFFICE PARTNERS LP (201616610067),06/08/2016,Active,Limited Partnership - CA,CALIFORNIA,COGENCY GLOBAL INC.
"BAYRAKDARIAN VISALIA, D.M.D., INC., A CALIFORNIA PROFESSIONAL DENTAL OFFICE CORPORATION (4610560)",06/24/2020,Active,Stock Corporation - CA - General,CALIFORNIA,ISHKHAN BAYRAKDARIAN
"BAYVIEW EXECUTIVE OFFICES, INC. (1563508)",09/27/1989,Suspended - FTB,Stock Corporation - CA - General,CALIFORNIA,MAC M BAGBY
BAYVIEW SECURITY OFFICERS TRAINING ACADEMY (3502652),08/21/2012,Suspended - FTB,Nonprofit Corporation - CA - Public Benefit,CALIFORNIA,DANIEL O SUNDE
BE OFFICE SERVICES INC. (3863577),01/12/2016,Active,Stock Corporation - CA - General,CALIFORNIA,CHRISTOPHER DOUBLEDAY
Beacon Blvd Office LLC (B20250228228),07/28/2025,Active,Limited Liability Company - CA,CALIFORNIA,GRACE M BLACKBURN
"BEAR VALLEY OFFICE ASSISTANTS, INC. (2047345)",10/08/1999,Suspended - FTB/SOS,Stock Corporation - CA - General,CALIFORNIA,KIMBERLY A MCINTIRE
BEAR VALLEY POLICE OFFICERS ASSOCIATION (3920497),06/23/2016,Suspended - FTB,Nonprofit Corporation - CA - Mutual Benefit,CALIFORNIA,
"BEAUDRY LAW OFFICES, INC. (1743072)",04/25/1994,Active,Stock Corporation - CA - General,CALIFORNIA,SALLY BEAUDRY
Bee Side Family Office LLC (B20250074850),04/14/2025,Active,Limited Liability Company - CA,CALIFORNIA,"ZYMAN LAW, APC"
"BEI OFFICE HELPER PRODUCTS, INC. (2234178)",05/11/2000,Terminated,Stock Corporation - Out of State - Stock,TENNESSEE,"NATIONAL REGISTERED AGENTS, INC."
BEIJING GLOBE-LAW LA OFFICE (4210563),11/05/2018,Terminated,Stock Corporation - CA - General,CALIFORNIA,JIAYIN YANG
BEIJING MERCEDES-BENZ SERVICES CORPORATION (USA) OFFICE (1770809),09/27/1995,Terminated,Stock Corporation - CA - General,CALIFORNIA,LI JUN LIU
"BELL CRAFT OFFICE FURNITURE, INC. (2094500)",10/05/1998,Suspended - FTB/SOS,Stock Corporation - CA - General,CALIFORNIA,GUSTAVO  ULLOA
BELL POLICE OFFICERS ASSOCIATION (983960),05/27/1980,Active,Nonprofit Corporation - CA - Mutual Benefit,CALIFORNIA,GILBERT JARA
"BELLFLOWER OFFICE PRODUCTS, INC. (878572)",11/29/1978,Terminated,Stock Corporation - CA - General,CALIFORNIA,
"BELLS OFFICE MACHINES, INC. (584291)",10/31/1969,Terminated,Stock Corporation - CA - General,CALIFORNIA,ROBERT E. BROWN
"BELMONT OFFICE SUPPLIES, INC. (1217317)",11/28/1983,Suspended - FTB,Stock Corporation - CA - General,CALIFORNIA,CLAUDE H PETTY
BENEST LAW OFFICE PC (4068000),09/27/2017,Active,Stock Corporation - CA - Professional,CALIFORNIA,KWANG JUN KIM
BENICIA POLICE OFFICERS ASSOCIATION (276521),07/17/1953,Active,Nonprofit Corporation - CA - Mutual Benefit,CALIFORNIA,ALISON BERRY-WILKINSON
"Ben's Consulting Office, LLC (202461918065)",05/01/2024,Active,Limited Liability Company - CA,CALIFORNIA,Ben Abergel
Benson's Office Supply Service LLC (202253519031),12/05/2022,Active,Limited Liability Company - CA,CALIFORNIA,"UNITED STATES CORPORATION AGENTS, INC."
"BERGLUND LAW OFFICE, P.C. (3462750)",03/19/2012,Active,Stock Corporation - CA - General,CALIFORNIA,"LEGALZOOM.COM, INC."
Berkeley Office Interiors Inc (B20250210698),07/16/2025,Active,Stock Corporation - CA - General,CALIFORNIA,DAVID COOPER
"Bernard Law Office, PC (B20250225397)",08/01/2025,Active,Stock Corporation - CA - Professional,CALIFORNIA,Maximilian Bernard
"BERNARDS OFFICE FURNITURE, INC. (2490294)",12/31/2002,Active,Stock Corporation - CA - General,CALIFORNIA,IRMA L BERNARD
"BERNSTEIN AND CHRISTENSEN CHIROPRACTIC OFFICE, A PROFESSIONAL CORPORATION (1134226)",02/14/1983,Terminated,Stock Corporation - CA - Professional,CALIFORNIA,WILLIAM K CHRISTENSEN
"BERNSTEIN CHIROPRACTIC OFFICE, A PROFESSIONAL CORPORATION (1175629)",01/12/1983,Suspended - FTB,Stock Corporation - CA - Professional,CALIFORNIA,MORRIS J BERNSTEIN
"BERNSTEIN LAW OFFICE, INC. (2151290)",12/01/1999,Suspended - FTB/SOS,Stock Corporation - CA - General,CALIFORNIA,BARRY O BERNSTON
Bernzweig-Kandra Family Office LLC (202565115248),01/01/2025,Active,Limited Liability Company - CA,CALIFORNIA,Jay T Bernzweig
"BERT'S OFFICE TRAILERS, INC. (4250339)",03/01/2019,Active,Stock Corporation - CA - General,CALIFORNIA,AMY EPSTEN
BEST BUY OFFICE EQUIPMENT CO. (651552),05/12/1972,Suspended - FTB,Stock Corporation - CA - General,CALIFORNIA,
"BEST BUY OFFICE EQUIPMENT CO., #2, INC. (447467)",03/12/1963,Suspended - FTB,Stock Corporation - CA - General,CALIFORNIA,
"BEST BUY OFFICE EQUIPMENT COMPANY, INC. (432332)",05/08/1962,Suspended - FTB,Stock Corporation - CA - General,CALIFORNIA,
"BEST NEW & USED OFFICE FURNITURE, INC. (2675911)",08/30/2004,Active,Stock Corporation - CA - General,CALIFORNIA,JOSE SANCHEZ GUERRERO
"BEST OFFICE SUPPLY, INC. (639517)",11/22/1971,Suspended - FTB,Stock Corporation - CA - General,CALIFORNIA,PAUL J. HUFFINES
BEST OFFICE SYSTEM SERVICE INC (5612950),03/29/2023,Active,Stock Corporation - CA - General,CALIFORNIA,LUZ ANGELICA A CUEVAS
BEST WESTERN OFFICE PRODUCTS COMPANY (281947),01/11/1954,Merged Out,Stock Corporation - CA - General,CALIFORNIA,
BETTER OFFICE PRODUCTS INC. (1424209),12/08/1987,Suspended - FTB,Stock Corporation - CA - General,CALIFORNIA,DARA  RICHIE
"BETTER OFFICE SERVICE SOLUTIONS, INC. (2615758)",06/14/2004,Suspended - FTB,Stock Corporation - CA - General,CALIFORNIA,FRANCES LEAH BURKE
"BETTER OFFICE SUPPLY, INC. (2669684)",08/09/2004,Active,Stock Corporation - CA - General,CALIFORNIA,HUMBERTO ALVAREZ
Better Than New Apt & Office Cleaning Services LLC (202358311431),07/22/2023,Active,Limited Liability Company - CA,CALIFORNIA,Dane Roberts
"BETTY THOMPSON OFFICE MACHINE SERVICE, INC. (1062861)",12/28/1981,Suspended - FTB,Stock Corporation - CA - General,CALIFORNIA,BETTY  THOMPSON
BEVERLY HILLS OFFICE SUPPLY CORP. (388943),01/05/1960,Suspended - FTB/SOS,Stock Corporation - CA - General,CALIFORNIA,WAYNE  ROYEA
"BEVERLY HILLS POLICE OFFICERS ASSOCIATION, INCORPORATED (738344)",06/16/1975,Active,Nonprofit Corporation - CA - Mutual Benefit,CALIFORNIA,ALRXANDER DUNCAN
"BEVERLY HILLS PSYCOTHERAPY OFFICES OF DONNA BURSTYN, INC. (3014637)",08/24/2007,Suspended - FTB,Stock Corporation - CA - General,CALIFORNIA,RANDELL  SWANSON
"BEVERLY RITZ SUITE OFFICES, INC. (1413064)",07/20/1987,Suspended - FTB,Stock Corporation - CA - General,CALIFORNIA,JOHN J WELLS JR
BEVERLY WILSHIRE OFFICE REALTY INC. (1825574),07/24/1992,Terminated,Stock Corporation - CA - General,CALIFORNIA,"UNITED CORPORATE SERVICES, INC."
"BIG BEN LOAN OFFICE, INC. (721766)",09/04/1974,Terminated,Stock Corporation - CA - General,CALIFORNIA,DIMITRY PERTSOVSKY
BIG SAFARI PROJECT OFFICE (4032427),06/02/2017,Active,Stock Corporation - CA - General,CALIFORNIA,ERIC THOMAS DEL GRECO
"BIG SKY OFFICE FURNITURE, INC. (2805271)",10/14/2005,Active,Stock Corporation - CA - General,CALIFORNIA,CRAIG S BRADY
BIGGS LAW OFFICE A.P.C. (4047346),07/19/2017,Suspended - FTB,Stock Corporation - CA - General,CALIFORNIA,"THE LAW OFFICES OF HERBERT L. TERRERI, A PROFESSIONAL CORPORATION"
"BILLAUER CHIROPRACTIC OFFICE, INC., A PROFESSIONAL CORPORATION (1156699)",08/31/1982,Terminated,Stock Corporation - CA - Professional,CALIFORNIA,HOWARD  SOROKO
"BILLING OFFICE, INC. (2489316)",03/20/2003,Terminated,Stock Corporation - CA - General,CALIFORNIA,VANESSA JANE KUPKA
"BIRNIE LAW OFFICE, INC. (4277473)",05/14/2019,Active,Stock Corporation - CA - General,CALIFORNIA,TATE BIRNIE
"BISHAY LAW OFFICES, INC. (2739997)",05/24/2005,Terminated,Stock Corporation - CA - General,CALIFORNIA,MARIAN BISHAY
BIXBY OFFICE COMPANY (1248855),06/04/1984,Terminated,Stock Corporation - CA - General,CALIFORNIA,KENNETH C BORNHOLDT
BizSmart Office LLC (202565117514),01/02/2025,Active,Limited Liability Company - CA,CALIFORNIA,Yuhang Li
BJT OFFICE FURNITURE CO. (206932),06/20/1946,Merged Out,Stock Corporation - CA - General,CALIFORNIA,
"BKD OFFICE SERVICES, INC. (1942712)",06/27/1995,Suspended - FTB,Stock Corporation - CA - General,CALIFORNIA,DAVID H SMITH
BLACK POLICE OFFICERS ASSOCIATION (801133),10/20/1976,Suspended - FTB/SOS,Nonprofit Corporation - CA - Mutual Benefit,CALIFORNIA,RONALD  BESARD
BLACKBERRY OFFICE SOLUTIONS INC. (3977385),01/03/2017,Terminated,Stock Corporation - CA - General,CALIFORNIA,JENNIFOR J FLORES
"BLAKELY LAW OFFICE, APC. (3765591)",03/11/2015,Active,Stock Corporation - CA - Professional,CALIFORNIA,JOHN R. BLAKELY
"BLAKEMORE CALIFORNIA CHIROPRACTIC OFFICE, INC. (1030291)",11/18/1980,Active,Stock Corporation - CA - General,CALIFORNIA,JAMES G BLAKEMORE
Bloom Back Office LLC (202460713096),01/25/2024,Terminated,Limited Liability Company - CA,CALIFORNIA,Heather Gates
"BLUE INK OFFICE SUPPLY, INC. (2592040)",10/07/2005,Active,Stock Corporation - CA - General,CALIFORNIA,NIDHAL MARCUS
BLUE RIBBON OFFICE SOLUTIONS LLC (B20250290477),09/08/2025,Active,Limited Liability Company - CA,CALIFORNIA,Guoxin Chen
BOB BRODY'S OFFICE INCORPORATED (944914),11/08/1979,Suspended - FTB,Stock Corporation - CA - General,CALIFORNIA,
"BOB FULLER'S CHIROPRACTIC OFFICE, INC., A CHIROPRACTIC CORPORATION (1232672)",11/22/1983,Active,Stock Corporation - CA - General,CALIFORNIA,BRIAN LANGERMANN
"BOBISUD CHIROPRACTIC OFFICE, INC. (1283856)",08/21/1985,Suspended - FTB,Stock Corporation - CA - General,CALIFORNIA,ROBERT V BOBISUD
"BOCA LAKE OFFICE, INC. (2122486)",10/07/1998,Active,Stock Corporation - Out of State - Stock,FLORIDA,JOYCE M WEIBLE
"BOCHNEWICH LAW OFFICES, A PROFESSIONAL CORPORATION (3795533)",06/11/2015,Active,Stock Corporation - CA - Professional,CALIFORNIA,Peter M BOCHNEWICH
"BODNAR'S OFFICE EQUIPMENT CO., INC. (654197)",06/21/1972,Suspended - FTB/SOS,Stock Corporation - CA - General,CALIFORNIA,MELICA  BODNAR
"BOEHEIM MEDICAL OFFICE MANAGEMENT, INC. (2457874)",02/07/2003,Forfeited - FTB/SOS,Stock Corporation - Out of State - Stock,NEVADA,STEVEN D. RUBIN
"BOLAM DENTAL OFFICE, INC. (3307229)",07/07/2010,Terminated,Stock Corporation - CA - General,CALIFORNIA,CHARLES E ROWE
"BONAPARTE LAW OFFICES, A PROFESSIONAL LAW CORPORATION (936903)",07/31/1979,Suspended - FTB,Stock Corporation - CA - Professional,CALIFORNIA,RONALD H. BONAPARTE
